[{"line":3,"elements":[{"start_timestamp":"2022-09-25T00:49:37.391Z","line":33,"name":"Disambiguation requests","description":"","id":"disambiguation-requests","type":"scenario","keyword":"Scenario Outline","steps":[{"name":"url TflBaseUrl","result":{"duration":97624,"status":"passed"},"match":{"location":"karate","arguments":[]},"keyword":"Given","line":13,"doc_string":{"content_type":"","value":"01:49:37.392 karate.env system property was: features \n01:49:37.392 karate.env = features \n01:49:37.392 config.baseUrl = null \n","line":13}},{"name":"path 'Liverpool Street Station'","result":{"duration":338428,"status":"passed"},"match":{"location":"karate","arguments":[]},"keyword":"And","line":14},{"name":"path 'to'","result":{"duration":76573,"status":"passed"},"match":{"location":"karate","arguments":[]},"keyword":"And","line":15},{"name":"path 'Kings Cross Station'","result":{"duration":240319,"status":"passed"},"match":{"location":"karate","arguments":[]},"keyword":"And","line":16},{"name":"param mode = 'bus,tube,coach'","result":{"duration":96010,"status":"passed"},"match":{"location":"karate","arguments":[]},"keyword":"And","line":17},{"name":"param dateTime = '2022-10-22T13:15:00'","result":{"duration":215446,"status":"passed"},"match":{"location":"karate","arguments":[]},"keyword":"And","line":18},{"name":"param dateTimeType = 'Arriving'","result":{"duration":84042,"status":"passed"},"match":{"location":"karate","arguments":[]},"keyword":"And","line":19},{"name":"param journeyPreference = 'LeastTime'","result":{"duration":71740,"status":"passed"},"match":{"location":"karate","arguments":[]},"keyword":"And","line":20},{"name":"param walkingSpeed = 'Slow'","result":{"duration":111758,"status":"passed"},"match":{"location":"karate","arguments":[]},"keyword":"And","line":21},{"name":"param bikeProficiency = 'Easy'","result":{"duration":100545,"status":"passed"},"match":{"location":"karate","arguments":[]},"keyword":"And","line":22},{"name":"method get","result":{"duration":224792185,"status":"passed"},"match":{"location":"karate","arguments":[]},"keyword":"When","line":23,"doc_string":{"content_type":"","value":"01:49:37.397 request:\n1 > GET https:\/\/api.tfl.gov.uk\/journey\/journeyresults\/Liverpool%20Street%20Station\/to\/Kings%20Cross%20Station?mode=bus%2Ctube%2Ccoach&dateTime=2022-10-22T13%3A15%3A00&journeyPreference=LeastTime&bikeProficiency=Easy&walkingSpeed=Slow&dateTimeType=Arriving\n1 > Host: api.tfl.gov.uk\n1 > Connection: Keep-Alive\n1 > User-Agent: Apache-HttpClient\/4.5.13 (Java\/15.0.1)\n1 > Accept-Encoding: gzip,deflate\n\n\n01:49:37.619 response time in milliseconds: 222\n1 < 300\n1 < Date: Sun, 25 Sep 2022 00:49:37 GMT\n1 < Content-Type: application\/json; charset=utf-8\n1 < Connection: keep-alive\n1 < Cache-Control: public, must-revalidate, max-age=150, s-maxage=300\n1 < Via: 1.1 varnish\n1 < Age: 0\n1 < Access-Control-Allow-Headers: Content-Type\n1 < Access-Control-Allow-Methods: GET,POST,PUT,DELETE,OPTIONS\n1 < Access-Control-Allow-Origin: *\n1 < Api-Entity-Payload: ItineraryResult,DisambiguationResult,Mode,StopPoint,Place,Disruption,PlannedWorks,Line,LineStatus\n1 < X-Backend: api\n1 < X-Cache: MISS\n1 < X-Cacheable: Yes. Cacheable\n1 < X-Frame-Options: deny\n1 < X-Proxy-Connection: unset\n1 < X-TTL: 300.000\n1 < X-TTL-RULE: 0\n1 < X-Varnish: 1255195619\n1 < X-AspNet-Version: 4.0.30319\n1 < X-Operation: Journey_JourneyResultsByPathFromPathToQueryViaQueryNationalSearchQueryDateQu\n1 < X-API: Journey\n1 < CF-Cache-Status: DYNAMIC\n1 < Strict-Transport-Security: max-age=2592000\n1 < Server: cloudflare\n1 < CF-RAY: 74ffc2d12f9506cd-LHR\n{\"$type\":\"Tfl.Api.Presentation.Entities.JourneyPlanner.DisambiguationResult, Tfl.Api.Presentation.Entities\",\"toLocationDisambiguation\":{\"$type\":\"Tfl.Api.Presentation.Entities.JourneyPlanner.Disambiguation, Tfl.Api.Presentation.Entities\",\"disambiguationOptions\":[{\"$type\":\"Tfl.Api.Presentation.Entities.JourneyPlanner.DisambiguationOption, Tfl.Api.Presentation.Entities\",\"parameterValue\":\"1001171\",\"uri\":\"\/journey\/journeyresults\/liverpoolstreetstation\/to\/1001171?mode=bus%2ctube%2ccoach&datetime=2022-10-22t13%3a15%3a00&journeypreference=leasttime&bikeproficiency=easy&walkingspeed=slow&datetimetype=arriving\",\"place\":{\"$type\":\"Tfl.Api.Presentation.Entities.StopPoint, Tfl.Api.Presentation.Entities\",\"naptanId\":\"HUBKGX\",\"modes\":[\"national-rail\"],\"icsCode\":\"1001171\",\"stopType\":\"stop\",\"url\":\"\/StopPoint\/HUBKGX\",\"commonName\":\"Kings Cross (London), King's Cross Station\",\"placeType\":\"StopPoint\",\"additionalProperties\":[],\"lat\":51.531817865719994,\"lon\":-0.12298840566000001},\"matchQuality\":971},{\"$type\":\"Tfl.Api.Presentation.Entities.JourneyPlanner.DisambiguationOption, Tfl.Api.Presentation.Entities\",\"parameterValue\":\"1000129\",\"uri\":\"\/journey\/journeyresults\/liverpoolstreetstation\/to\/1000129?mode=bus%2ctube%2ccoach&datetime=2022-10-22t13%3a15%3a00&journeypreference=leasttime&bikeproficiency=easy&walkingspeed=slow&datetimetype=arriving\",\"place\":{\"$type\":\"Tfl.Api.Presentation.Entities.StopPoint, Tfl.Api.Presentation.Entities\",\"naptanId\":\"HUBKGX\",\"modes\":[\"tube\",\"bus\"],\"icsCode\":\"1000129\",\"stopType\":\"stop\",\"url\":\"\/StopPoint\/HUBKGX\",\"commonName\":\"Kings Cross (London), King's Cross St.Pancras Underground Station\",\"placeType\":\"StopPoint\",\"additionalProperties\":[],\"lat\":51.530860452359995,\"lon\":-0.12384959128999999},\"matchQuality\":938},{\"$type\":\"Tfl.Api.Presentation.Entities.JourneyPlanner.DisambiguationOption, Tfl.Api.Presentation.Entities\",\"parameterValue\":\"51.53237826164,-0.12316720791\",\"uri\":\"\/journey\/journeyresults\/liverpool%20street%20station\/to\/51.53237826164,-0.12316720791?mode=bus%2ctube%2ccoach&datetime=2022-10-22t13%3a15%3a00&journeypreference=leasttime&bikeproficiency=easy&walkingspeed=slow&datetimetype=arriving\",\"place\":{\"$type\":\"Tfl.Api.Presentation.Entities.Place, Tfl.Api.Presentation.Entities\",\"url\":\"\/Place\/\",\"commonName\":\"Camden, Burger King, King's Cross Station\",\"placeType\":\"PointOfInterest\",\"additionalProperties\":[],\"lat\":51.53237826164,\"lon\":-0.12316720790999999},\"matchQuality\":885}],\"matchStatus\":\"list\"},\"fromLocationDisambiguation\":{\"$type\":\"Tfl.Api.Presentation.Entities.JourneyPlanner.Disambiguation, Tfl.Api.Presentation.Entities\",\"disambiguationOptions\":[{\"$type\":\"Tfl.Api.Presentation.Entities.JourneyPlanner.DisambiguationOption, Tfl.Api.Presentation.Entities\",\"parameterValue\":\"1000138\",\"uri\":\"\/journey\/journeyresults\/1000138\/to\/kingscrossstation?mode=bus%2ctube%2ccoach&datetime=2022-10-22t13%3a15%3a00&journeypreference=leasttime&bikeproficiency=easy&walkingspeed=slow&datetimetype=arriving\",\"place\":{\"$type\":\"Tfl.Api.Presentation.Entities.StopPoint, Tfl.Api.Presentation.Entities\",\"naptanId\":\"HUBLST\",\"modes\":[\"national-rail\",\"tube\",\"overground\",\"bus\",\"coach\",\"replacement-bus\",\"elizabeth-line\"],\"icsCode\":\"1000138\",\"stopType\":\"stop\",\"url\":\"\/StopPoint\/HUBLST\",\"commonName\":\"Liverpool Street, Liverpool Street Station\",\"placeType\":\"StopPoint\",\"additionalProperties\":[],\"lat\":51.51781287197,\"lon\":-0.08218294727},\"matchQuality\":1000},{\"$type\":\"Tfl.Api.Presentation.Entities.JourneyPlanner.DisambiguationOption, Tfl.Api.Presentation.Entities\",\"parameterValue\":\"51.51770550624,-0.0822162845\",\"uri\":\"\/journey\/journeyresults\/51.51770550624,-0.0822162845\/to\/kings%20cross%20station?mode=bus%2ctube%2ccoach&datetime=2022-10-22t13%3a15%3a00&journeypreference=leasttime&bikeproficiency=easy&walkingspeed=slow&datetimetype=arriving\",\"place\":{\"$type\":\"Tfl.Api.Presentation.Entities.Place, Tfl.Api.Presentation.Entities\",\"url\":\"\/Place\/\",\"commonName\":\"City of London, Burger King, Liverpool Street Station\",\"placeType\":\"PointOfInterest\",\"additionalProperties\":[],\"lat\":51.517705506240006,\"lon\":-0.0822162845},\"matchQuality\":966},{\"$type\":\"Tfl.Api.Presentation.Entities.JourneyPlanner.DisambiguationOption, Tfl.Api.Presentation.Entities\",\"parameterValue\":\"51.51908544097,-0.08136554673\",\"uri\":\"\/journey\/journeyresults\/51.51908544097,-0.08136554673\/to\/kings%20cross%20station?mode=bus%2ctube%2ccoach&datetime=2022-10-22t13%3a15%3a00&journeypreference=leasttime&bikeproficiency=easy&walkingspeed=slow&datetimetype=arriving\",\"place\":{\"$type\":\"Tfl.Api.Presentation.Entities.Place, Tfl.Api.Presentation.Entities\",\"url\":\"\/Place\/\",\"commonName\":\"City of London, Burger King, Liverpool Street Station Kiosk\",\"placeType\":\"PointOfInterest\",\"additionalProperties\":[],\"lat\":51.51908544097,\"lon\":-0.08136554673},\"matchQuality\":957},{\"$type\":\"Tfl.Api.Presentation.Entities.JourneyPlanner.DisambiguationOption, Tfl.Api.Presentation.Entities\",\"parameterValue\":\"51.51874772782,-0.08161036183\",\"uri\":\"\/journey\/journeyresults\/51.51874772782,-0.08161036183\/to\/kings%20cross%20station?mode=bus%2ctube%2ccoach&datetime=2022-10-22t13%3a15%3a00&journeypreference=leasttime&bikeproficiency=easy&walkingspeed=slow&datetimetype=arriving\",\"place\":{\"$type\":\"Tfl.Api.Presentation.Entities.Place, Tfl.Api.Presentation.Entities\",\"url\":\"\/Place\/\",\"commonName\":\"City of London, NHS Walk-In Centre, Liverpool Street Station\",\"placeType\":\"PointOfInterest\",\"additionalProperties\":[],\"lat\":51.51874772782,\"lon\":-0.081610361829999992},\"matchQuality\":954}],\"matchStatus\":\"list\"},\"viaLocationDisambiguation\":{\"$type\":\"Tfl.Api.Presentation.Entities.JourneyPlanner.Disambiguation, Tfl.Api.Presentation.Entities\",\"matchStatus\":\"empty\"},\"recommendedMaxAgeMinutes\":1440,\"searchCriteria\":{\"$type\":\"Tfl.Api.Presentation.Entities.JourneyPlanner.SearchCriteria, Tfl.Api.Presentation.Entities\",\"dateTime\":\"2022-09-25T01:48:00\",\"dateTimeType\":\"Departing\"},\"journeyVector\":{\"$type\":\"Tfl.Api.Presentation.Entities.JourneyPlanner.JourneyVector, Tfl.Api.Presentation.Entities\",\"from\":\"Liverpool Street Station\",\"to\":\"Kings Cross Station\",\"via\":\"\",\"uri\":\"\/journey\/journeyresults\/liverpool%20street%20station\/to\/kings%20cross%20station?mode=bus%2ctube%2ccoach&datetime=2022-10-22t13%3a15%3a00&journeypreference=leasttime&bikeproficiency=easy&walkingspeed=slow&datetimetype=arriving\"}}\n\n","line":23}},{"name":"status 300","result":{"duration":8574,"status":"passed"},"match":{"location":"karate","arguments":[]},"keyword":"Then","line":24},{"name":"def responseObject = response","result":{"duration":193062,"status":"passed"},"match":{"location":"karate","arguments":[]},"keyword":"*","line":26},{"name":"def rootKey = 'toLocationDisambiguation'","result":{"duration":475610,"status":"passed"},"match":{"location":"karate","arguments":[]},"keyword":"*","line":27},{"name":"def assertKeys = responseObject[rootKey]","result":{"duration":469826,"status":"passed"},"match":{"location":"karate","arguments":[]},"keyword":"*","line":28},{"name":"match assertKeys.disambiguationOptions[0].$type == \"Tfl.Api.Presentation.Entities.JourneyPlanner.DisambiguationOption, Tfl.Api.Presentation.Entities\"","result":{"duration":463185,"status":"passed"},"match":{"location":"karate","arguments":[]},"keyword":"*","line":29}],"tags":[{"name":"@tfljourney","line":1}]},{"start_timestamp":"2022-09-25T00:49:37.422Z","line":34,"name":"Disambiguation requests","description":"","id":"disambiguation-requests","type":"scenario","keyword":"Scenario Outline","steps":[{"name":"url TflBaseUrl","result":{"duration":98944,"status":"passed"},"match":{"location":"karate","arguments":[]},"keyword":"Given","line":13,"doc_string":{"content_type":"","value":"01:49:37.425 karate.env system property was: features \n01:49:37.426 karate.env = features \n01:49:37.426 config.baseUrl = null \n","line":13}},{"name":"path 'Kings Cross Station'","result":{"duration":314593,"status":"passed"},"match":{"location":"karate","arguments":[]},"keyword":"And","line":14},{"name":"path 'to'","result":{"duration":276136,"status":"passed"},"match":{"location":"karate","arguments":[]},"keyword":"And","line":15},{"name":"path 'Liverpool Street Station'","result":{"duration":215142,"status":"passed"},"match":{"location":"karate","arguments":[]},"keyword":"And","line":16},{"name":"param mode = 'tube,coach'","result":{"duration":189915,"status":"passed"},"match":{"location":"karate","arguments":[]},"keyword":"And","line":17},{"name":"param dateTime = '2022-11-30T11:15:00'","result":{"duration":244206,"status":"passed"},"match":{"location":"karate","arguments":[]},"keyword":"And","line":18},{"name":"param dateTimeType = 'Departing'","result":{"duration":346506,"status":"passed"},"match":{"location":"karate","arguments":[]},"keyword":"And","line":19},{"name":"param journeyPreference = 'LeastInterchange'","result":{"duration":247230,"status":"passed"},"match":{"location":"karate","arguments":[]},"keyword":"And","line":20},{"name":"param walkingSpeed = 'Average'","result":{"duration":286386,"status":"passed"},"match":{"location":"karate","arguments":[]},"keyword":"And","line":21},{"name":"param bikeProficiency = 'Moderate'","result":{"duration":433627,"status":"passed"},"match":{"location":"karate","arguments":[]},"keyword":"And","line":22},{"name":"method get","result":{"duration":227354153,"status":"passed"},"match":{"location":"karate","arguments":[]},"keyword":"When","line":23,"doc_string":{"content_type":"","value":"01:49:37.432 request:\n1 > GET https:\/\/api.tfl.gov.uk\/journey\/journeyresults\/Kings%20Cross%20Station\/to\/Liverpool%20Street%20Station?mode=tube%2Ccoach&dateTime=2022-11-30T11%3A15%3A00&journeyPreference=LeastInterchange&bikeProficiency=Moderate&walkingSpeed=Average&dateTimeType=Departing\n1 > Host: api.tfl.gov.uk\n1 > Connection: Keep-Alive\n1 > User-Agent: Apache-HttpClient\/4.5.13 (Java\/15.0.1)\n1 > Accept-Encoding: gzip,deflate\n\n\n01:49:37.656 response time in milliseconds: 224\n1 < 300\n1 < Date: Sun, 25 Sep 2022 00:49:37 GMT\n1 < Content-Type: application\/json; charset=utf-8\n1 < Connection: keep-alive\n1 < Cache-Control: public, must-revalidate, max-age=150, s-maxage=300\n1 < Via: 1.1 varnish\n1 < Age: 0\n1 < Access-Control-Allow-Headers: Content-Type\n1 < Access-Control-Allow-Methods: GET,POST,PUT,DELETE,OPTIONS\n1 < Access-Control-Allow-Origin: *\n1 < Api-Entity-Payload: ItineraryResult,DisambiguationResult,Mode,StopPoint,Place,Disruption,PlannedWorks,Line,LineStatus\n1 < X-Backend: api\n1 < X-Cache: MISS\n1 < X-Cacheable: Yes. Cacheable\n1 < X-Frame-Options: deny\n1 < X-Proxy-Connection: unset\n1 < X-TTL: 300.000\n1 < X-TTL-RULE: 0\n1 < X-Varnish: 1255195634\n1 < X-AspNet-Version: 4.0.30319\n1 < X-Operation: Journey_JourneyResultsByPathFromPathToQueryViaQueryNationalSearchQueryDateQu\n1 < X-API: Journey\n1 < CF-Cache-Status: DYNAMIC\n1 < Strict-Transport-Security: max-age=2592000\n1 < Server: cloudflare\n1 < CF-RAY: 74ffc2d15a257723-LHR\n{\"$type\":\"Tfl.Api.Presentation.Entities.JourneyPlanner.DisambiguationResult, Tfl.Api.Presentation.Entities\",\"toLocationDisambiguation\":{\"$type\":\"Tfl.Api.Presentation.Entities.JourneyPlanner.Disambiguation, Tfl.Api.Presentation.Entities\",\"disambiguationOptions\":[{\"$type\":\"Tfl.Api.Presentation.Entities.JourneyPlanner.DisambiguationOption, Tfl.Api.Presentation.Entities\",\"parameterValue\":\"1000138\",\"uri\":\"\/journey\/journeyresults\/kingscrossstation\/to\/1000138?mode=tube%2ccoach&datetime=2022-11-30t11%3a15%3a00&journeypreference=leastinterchange&bikeproficiency=moderate&walkingspeed=average&datetimetype=departing\",\"place\":{\"$type\":\"Tfl.Api.Presentation.Entities.StopPoint, Tfl.Api.Presentation.Entities\",\"naptanId\":\"HUBLST\",\"modes\":[\"national-rail\",\"tube\",\"overground\",\"bus\",\"coach\",\"replacement-bus\",\"elizabeth-line\"],\"icsCode\":\"1000138\",\"stopType\":\"stop\",\"url\":\"\/StopPoint\/HUBLST\",\"commonName\":\"Liverpool Street, Liverpool Street Station\",\"placeType\":\"StopPoint\",\"additionalProperties\":[],\"lat\":51.51781287197,\"lon\":-0.08218294727},\"matchQuality\":1000},{\"$type\":\"Tfl.Api.Presentation.Entities.JourneyPlanner.DisambiguationOption, Tfl.Api.Presentation.Entities\",\"parameterValue\":\"51.51770550624,-0.0822162845\",\"uri\":\"\/journey\/journeyresults\/kings%20cross%20station\/to\/51.51770550624,-0.0822162845?mode=tube%2ccoach&datetime=2022-11-30t11%3a15%3a00&journeypreference=leastinterchange&bikeproficiency=moderate&walkingspeed=average&datetimetype=departing\",\"place\":{\"$type\":\"Tfl.Api.Presentation.Entities.Place, Tfl.Api.Presentation.Entities\",\"url\":\"\/Place\/\",\"commonName\":\"City of London, Burger King, Liverpool Street Station\",\"placeType\":\"PointOfInterest\",\"additionalProperties\":[],\"lat\":51.517705506240006,\"lon\":-0.0822162845},\"matchQuality\":966},{\"$type\":\"Tfl.Api.Presentation.Entities.JourneyPlanner.DisambiguationOption, Tfl.Api.Presentation.Entities\",\"parameterValue\":\"51.51908544097,-0.08136554673\",\"uri\":\"\/journey\/journeyresults\/kings%20cross%20station\/to\/51.51908544097,-0.08136554673?mode=tube%2ccoach&datetime=2022-11-30t11%3a15%3a00&journeypreference=leastinterchange&bikeproficiency=moderate&walkingspeed=average&datetimetype=departing\",\"place\":{\"$type\":\"Tfl.Api.Presentation.Entities.Place, Tfl.Api.Presentation.Entities\",\"url\":\"\/Place\/\",\"commonName\":\"City of London, Burger King, Liverpool Street Station Kiosk\",\"placeType\":\"PointOfInterest\",\"additionalProperties\":[],\"lat\":51.51908544097,\"lon\":-0.08136554673},\"matchQuality\":957},{\"$type\":\"Tfl.Api.Presentation.Entities.JourneyPlanner.DisambiguationOption, Tfl.Api.Presentation.Entities\",\"parameterValue\":\"51.51874772782,-0.08161036183\",\"uri\":\"\/journey\/journeyresults\/kings%20cross%20station\/to\/51.51874772782,-0.08161036183?mode=tube%2ccoach&datetime=2022-11-30t11%3a15%3a00&journeypreference=leastinterchange&bikeproficiency=moderate&walkingspeed=average&datetimetype=departing\",\"place\":{\"$type\":\"Tfl.Api.Presentation.Entities.Place, Tfl.Api.Presentation.Entities\",\"url\":\"\/Place\/\",\"commonName\":\"City of London, NHS Walk-In Centre, Liverpool Street Station\",\"placeType\":\"PointOfInterest\",\"additionalProperties\":[],\"lat\":51.51874772782,\"lon\":-0.081610361829999992},\"matchQuality\":954}],\"matchStatus\":\"list\"},\"fromLocationDisambiguation\":{\"$type\":\"Tfl.Api.Presentation.Entities.JourneyPlanner.Disambiguation, Tfl.Api.Presentation.Entities\",\"disambiguationOptions\":[{\"$type\":\"Tfl.Api.Presentation.Entities.JourneyPlanner.DisambiguationOption, Tfl.Api.Presentation.Entities\",\"parameterValue\":\"1001171\",\"uri\":\"\/journey\/journeyresults\/1001171\/to\/liverpoolstreetstation?mode=tube%2ccoach&datetime=2022-11-30t11%3a15%3a00&journeypreference=leastinterchange&bikeproficiency=moderate&walkingspeed=average&datetimetype=departing\",\"place\":{\"$type\":\"Tfl.Api.Presentation.Entities.StopPoint, Tfl.Api.Presentation.Entities\",\"naptanId\":\"HUBKGX\",\"modes\":[\"national-rail\"],\"icsCode\":\"1001171\",\"stopType\":\"stop\",\"url\":\"\/StopPoint\/HUBKGX\",\"commonName\":\"Kings Cross (London), King's Cross Station\",\"placeType\":\"StopPoint\",\"additionalProperties\":[],\"lat\":51.531817865719994,\"lon\":-0.12298840566000001},\"matchQuality\":971},{\"$type\":\"Tfl.Api.Presentation.Entities.JourneyPlanner.DisambiguationOption, Tfl.Api.Presentation.Entities\",\"parameterValue\":\"1000129\",\"uri\":\"\/journey\/journeyresults\/1000129\/to\/liverpoolstreetstation?mode=tube%2ccoach&datetime=2022-11-30t11%3a15%3a00&journeypreference=leastinterchange&bikeproficiency=moderate&walkingspeed=average&datetimetype=departing\",\"place\":{\"$type\":\"Tfl.Api.Presentation.Entities.StopPoint, Tfl.Api.Presentation.Entities\",\"naptanId\":\"HUBKGX\",\"modes\":[\"tube\",\"bus\"],\"icsCode\":\"1000129\",\"stopType\":\"stop\",\"url\":\"\/StopPoint\/HUBKGX\",\"commonName\":\"Kings Cross (London), King's Cross St.Pancras Underground Station\",\"placeType\":\"StopPoint\",\"additionalProperties\":[],\"lat\":51.530860452359995,\"lon\":-0.12384959128999999},\"matchQuality\":938},{\"$type\":\"Tfl.Api.Presentation.Entities.JourneyPlanner.DisambiguationOption, Tfl.Api.Presentation.Entities\",\"parameterValue\":\"51.53237826164,-0.12316720791\",\"uri\":\"\/journey\/journeyresults\/51.53237826164,-0.12316720791\/to\/liverpool%20street%20station?mode=tube%2ccoach&datetime=2022-11-30t11%3a15%3a00&journeypreference=leastinterchange&bikeproficiency=moderate&walkingspeed=average&datetimetype=departing\",\"place\":{\"$type\":\"Tfl.Api.Presentation.Entities.Place, Tfl.Api.Presentation.Entities\",\"url\":\"\/Place\/\",\"commonName\":\"Camden, Burger King, King's Cross Station\",\"placeType\":\"PointOfInterest\",\"additionalProperties\":[],\"lat\":51.53237826164,\"lon\":-0.12316720790999999},\"matchQuality\":885}],\"matchStatus\":\"list\"},\"viaLocationDisambiguation\":{\"$type\":\"Tfl.Api.Presentation.Entities.JourneyPlanner.Disambiguation, Tfl.Api.Presentation.Entities\",\"matchStatus\":\"empty\"},\"recommendedMaxAgeMinutes\":1440,\"searchCriteria\":{\"$type\":\"Tfl.Api.Presentation.Entities.JourneyPlanner.SearchCriteria, Tfl.Api.Presentation.Entities\",\"dateTime\":\"2022-09-25T01:48:00\",\"dateTimeType\":\"Departing\"},\"journeyVector\":{\"$type\":\"Tfl.Api.Presentation.Entities.JourneyPlanner.JourneyVector, Tfl.Api.Presentation.Entities\",\"from\":\"Kings Cross Station\",\"to\":\"Liverpool Street Station\",\"via\":\"\",\"uri\":\"\/journey\/journeyresults\/kings%20cross%20station\/to\/liverpool%20street%20station?mode=tube%2ccoach&datetime=2022-11-30t11%3a15%3a00&journeypreference=leastinterchange&bikeproficiency=moderate&walkingspeed=average&datetimetype=departing\"}}\n\n","line":23}},{"name":"status 300","result":{"duration":6169,"status":"passed"},"match":{"location":"karate","arguments":[]},"keyword":"Then","line":24},{"name":"def responseObject = response","result":{"duration":162476,"status":"passed"},"match":{"location":"karate","arguments":[]},"keyword":"*","line":26},{"name":"def rootKey = 'toLocationDisambiguation'","result":{"duration":465506,"status":"passed"},"match":{"location":"karate","arguments":[]},"keyword":"*","line":27},{"name":"def assertKeys = responseObject[rootKey]","result":{"duration":804936,"status":"passed"},"match":{"location":"karate","arguments":[]},"keyword":"*","line":28},{"name":"match assertKeys.disambiguationOptions[0].$type == \"Tfl.Api.Presentation.Entities.JourneyPlanner.DisambiguationOption, Tfl.Api.Presentation.Entities\"","result":{"duration":509698,"status":"passed"},"match":{"location":"karate","arguments":[]},"keyword":"*","line":29}],"tags":[{"name":"@tfljourney","line":1}]},{"start_timestamp":"2022-09-25T00:49:37.550Z","line":53,"name":"Disambiguation requests","description":"","id":"disambiguation-requests","type":"scenario","keyword":"Scenario Outline","steps":[{"name":"url TflBaseUrl","result":{"duration":119500,"status":"passed"},"match":{"location":"karate","arguments":[]},"keyword":"Given","line":38,"doc_string":{"content_type":"","value":"01:49:37.551 karate.env system property was: features \n01:49:37.552 karate.env = features \n01:49:37.552 config.baseUrl = null \n","line":38}},{"name":"path ''","result":{"duration":369329,"status":"passed"},"match":{"location":"karate","arguments":[]},"keyword":"And","line":39},{"name":"path 'to'","result":{"duration":82767,"status":"passed"},"match":{"location":"karate","arguments":[]},"keyword":"And","line":40},{"name":"path ''","result":{"duration":93225,"status":"passed"},"match":{"location":"karate","arguments":[]},"keyword":"And","line":41},{"name":"param mode = 'bus,tube,coach'","result":{"duration":319665,"status":"passed"},"match":{"location":"karate","arguments":[]},"keyword":"And","line":42},{"name":"param dateTime = '2022-22-22T13:15:00'","result":{"duration":276884,"status":"passed"},"match":{"location":"karate","arguments":[]},"keyword":"And","line":43},{"name":"param dateTimeType = 'Arriving'","result":{"duration":154808,"status":"passed"},"match":{"location":"karate","arguments":[]},"keyword":"And","line":44},{"name":"param journeyPreference = 'LeastTime'","result":{"duration":388414,"status":"passed"},"match":{"location":"karate","arguments":[]},"keyword":"And","line":45},{"name":"param walkingSpeed = 'Slow'","result":{"duration":136104,"status":"passed"},"match":{"location":"karate","arguments":[]},"keyword":"And","line":46},{"name":"param bikeProficiency = 'Easy'","result":{"duration":305551,"status":"passed"},"match":{"location":"karate","arguments":[]},"keyword":"And","line":47},{"name":"method get","result":{"duration":87729028,"status":"passed"},"match":{"location":"karate","arguments":[]},"keyword":"When","line":48,"doc_string":{"content_type":"","value":"01:49:37.558 request:\n1 > GET https:\/\/api.tfl.gov.uk\/journey\/journeyresults\/\/to\/?mode=bus%2Ctube%2Ccoach&dateTime=2022-22-22T13%3A15%3A00&journeyPreference=LeastTime&bikeProficiency=Easy&walkingSpeed=Slow&dateTimeType=Arriving\n1 > Host: api.tfl.gov.uk\n1 > Connection: Keep-Alive\n1 > User-Agent: Apache-HttpClient\/4.5.13 (Java\/15.0.1)\n1 > Accept-Encoding: gzip,deflate\n\n\n01:49:37.643 response time in milliseconds: 85\n1 < 404\n1 < Date: Sun, 25 Sep 2022 00:49:37 GMT\n1 < Content-Type: application\/json; charset=utf-8\n1 < Connection: keep-alive\n1 < Cache-Control: must-revalidate, max-age=60, s-maxage=60\n1 < Pragma: no-cache\n1 < Via: 1.1 varnish\n1 < Expires: -1\n1 < Age: 0\n1 < Access-Control-Allow-Headers: Content-Type\n1 < Access-Control-Allow-Methods: GET,POST,PUT,DELETE,OPTIONS\n1 < Access-Control-Allow-Origin: *\n1 < x-backend: api\n1 < X-Cache: MISS\n1 < x-host: api.digital.tfl.gov.uk\n1 < X-No-Smaxage: true\n1 < X-Proxy-Connection: unset\n1 < X-Request-404: true\n1 < X-TTL-RULE: 1\n1 < X-Varnish: 688226326\n1 < X-AspNet-Version: 4.0.30319\n1 < X-Operation: Forward_Proxy\n1 < X-API: Journey\n1 < CF-Cache-Status: DYNAMIC\n1 < Strict-Transport-Security: max-age=2592000\n1 < Server: cloudflare\n1 < CF-RAY: 74ffc2d22b08408a-LHR\n{\"$type\":\"Tfl.Api.Presentation.Entities.ApiError, Tfl.Api.Presentation.Entities\",\"timestampUtc\":\"2022-09-25T00:48:54.4067892Z\",\"exceptionType\":\"EntityNotFoundException\",\"httpStatusCode\":404,\"httpStatus\":\"NotFound\",\"relativeUri\":\"\/Journey\/journeyresults\/to\/?mode=bus%2Ctube%2Ccoach&dateTime=2022-22-22T13%3A15%3A00&journeyPreference=LeastTime&bikeProficiency=Easy&walkingSpeed=Slow&dateTimeType=Arriving\",\"message\":\"Resource not found: http:\/\/api:8001\/Journey\/journeyresults\/to\/?mode=bus%2Ctube%2Ccoach&dateTime=2022-22-22T13:15:00&journeyPreference=LeastTime&bikeProficiency=Easy&walkingSpeed=Slow&dateTimeType=Arriving\"}\n\n","line":48}},{"name":"status 404","result":{"duration":7124,"status":"passed"},"match":{"location":"karate","arguments":[]},"keyword":"Then","line":49}],"tags":[{"name":"@tfljourney","line":1}]},{"start_timestamp":"2022-09-25T00:49:37.616Z","line":72,"name":"Disambiguation requests","description":"","id":"disambiguation-requests","type":"scenario","keyword":"Scenario Outline","steps":[{"name":"url TflBaseUrl","result":{"duration":78757,"status":"passed"},"match":{"location":"karate","arguments":[]},"keyword":"Given","line":57,"doc_string":{"content_type":"","value":"01:49:37.619 karate.env system property was: features \n01:49:37.620 karate.env = features \n01:49:37.620 config.baseUrl = null \n","line":57}},{"name":"path 'Victoria'","result":{"duration":262813,"status":"passed"},"match":{"location":"karate","arguments":[]},"keyword":"And","line":58},{"name":"path 'to'","result":{"duration":213862,"status":"passed"},"match":{"location":"karate","arguments":[]},"keyword":"And","line":59},{"name":"path 'Blackfriars'","result":{"duration":394477,"status":"passed"},"match":{"location":"karate","arguments":[]},"keyword":"And","line":60},{"name":"param mode = 'bus'","result":{"duration":252836,"status":"passed"},"match":{"location":"karate","arguments":[]},"keyword":"And","line":61},{"name":"param dateTime = '0000-11-22T11:15:00'","result":{"duration":213985,"status":"passed"},"match":{"location":"karate","arguments":[]},"keyword":"And","line":62},{"name":"param dateTimeType = 'Departing'","result":{"duration":208813,"status":"passed"},"match":{"location":"karate","arguments":[]},"keyword":"And","line":63},{"name":"param journeyPreference = 'LeastInterchange'","result":{"duration":294784,"status":"passed"},"match":{"location":"karate","arguments":[]},"keyword":"And","line":64},{"name":"param walkingSpeed = 'Average'","result":{"duration":259543,"status":"passed"},"match":{"location":"karate","arguments":[]},"keyword":"And","line":65},{"name":"param bikeProficiency = 'Moderate'","result":{"duration":211285,"status":"passed"},"match":{"location":"karate","arguments":[]},"keyword":"And","line":66},{"name":"method get","result":{"duration":234690874,"status":"passed"},"match":{"location":"karate","arguments":[]},"keyword":"When","line":67,"doc_string":{"content_type":"","value":"01:49:37.626 request:\n1 > GET https:\/\/api.tfl.gov.uk\/journey\/journeyresults\/Victoria\/to\/Blackfriars?mode=bus&dateTime=0000-11-22T11%3A15%3A00&journeyPreference=LeastInterchange&bikeProficiency=Moderate&walkingSpeed=Average&dateTimeType=Departing\n1 > Host: api.tfl.gov.uk\n1 > Connection: Keep-Alive\n1 > User-Agent: Apache-HttpClient\/4.5.13 (Java\/15.0.1)\n1 > Accept-Encoding: gzip,deflate\n\n\n01:49:37.858 response time in milliseconds: 231\n1 < 300\n1 < Date: Sun, 25 Sep 2022 00:49:37 GMT\n1 < Content-Type: application\/json; charset=utf-8\n1 < Connection: keep-alive\n1 < Cache-Control: public, must-revalidate, max-age=150, s-maxage=300\n1 < Via: 1.1 varnish\n1 < Age: 0\n1 < Access-Control-Allow-Headers: Content-Type\n1 < Access-Control-Allow-Methods: GET,POST,PUT,DELETE,OPTIONS\n1 < Access-Control-Allow-Origin: *\n1 < Api-Entity-Payload: ItineraryResult,DisambiguationResult,Mode,StopPoint,Place,Disruption,PlannedWorks,Line,LineStatus\n1 < X-Backend: api\n1 < X-Cache: MISS\n1 < X-Cacheable: Yes. Cacheable\n1 < X-Frame-Options: deny\n1 < X-Proxy-Connection: unset\n1 < X-TTL: 300.000\n1 < X-TTL-RULE: 0\n1 < X-Varnish: 1255195667\n1 < X-AspNet-Version: 4.0.30319\n1 < X-Operation: Journey_JourneyResultsByPathFromPathToQueryViaQueryNationalSearchQueryDateQu\n1 < X-API: Journey\n1 < CF-Cache-Status: DYNAMIC\n1 < Strict-Transport-Security: max-age=2592000\n1 < Server: cloudflare\n1 < CF-RAY: 74ffc2d299fa76cf-LHR\n{\"$type\":\"Tfl.Api.Presentation.Entities.JourneyPlanner.DisambiguationResult, Tfl.Api.Presentation.Entities\",\"toLocationDisambiguation\":{\"$type\":\"Tfl.Api.Presentation.Entities.JourneyPlanner.Disambiguation, Tfl.Api.Presentation.Entities\",\"disambiguationOptions\":[{\"$type\":\"Tfl.Api.Presentation.Entities.JourneyPlanner.DisambiguationOption, Tfl.Api.Presentation.Entities\",\"parameterValue\":\"51.50802280268,-0.10448359443\",\"uri\":\"\/journey\/journeyresults\/victoria\/to\/51.50802280268,-0.10448359443?mode=bus&datetime=0000-11-22t11%3a15%3a00&journeypreference=leastinterchange&bikeproficiency=moderate&walkingspeed=average&datetimetype=departing\",\"place\":{\"$type\":\"Tfl.Api.Presentation.Entities.Place, Tfl.Api.Presentation.Entities\",\"url\":\"\/Place\/\",\"commonName\":\"Southwark, One Blackfriars\",\"placeType\":\"PointOfInterest\",\"additionalProperties\":[],\"lat\":51.50802280268,\"lon\":-0.10448359442999999},\"matchQuality\":970},{\"$type\":\"Tfl.Api.Presentation.Entities.JourneyPlanner.DisambiguationOption, Tfl.Api.Presentation.Entities\",\"parameterValue\":\"1004063\",\"uri\":\"\/journey\/journeyresults\/victoria\/to\/1004063?mode=bus&datetime=0000-11-22t11%3a15%3a00&journeypreference=leastinterchange&bikeproficiency=moderate&walkingspeed=average&datetimetype=departing\",\"place\":{\"$type\":\"Tfl.Api.Presentation.Entities.StopPoint, Tfl.Api.Presentation.Entities\",\"naptanId\":\"490G00004063\",\"modes\":[\"bus\"],\"icsCode\":\"1004063\",\"stopType\":\"stop\",\"url\":\"\/StopPoint\/490G00004063\",\"commonName\":\"Southwark, Blackfriars Road\",\"placeType\":\"StopPoint\",\"additionalProperties\":[],\"lat\":51.50684105224,\"lon\":-0.10369685509},\"matchQuality\":967},{\"$type\":\"Tfl.Api.Presentation.Entities.JourneyPlanner.DisambiguationOption, Tfl.Api.Presentation.Entities\",\"parameterValue\":\"1002016\",\"uri\":\"\/journey\/journeyresults\/victoria\/to\/1002016?mode=bus&datetime=0000-11-22t11%3a15%3a00&journeypreference=leastinterchange&bikeproficiency=moderate&walkingspeed=average&datetimetype=departing\",\"place\":{\"$type\":\"Tfl.Api.Presentation.Entities.StopPoint, Tfl.Api.Presentation.Entities\",\"naptanId\":\"930GBFR\",\"modes\":[\"river-bus\"],\"icsCode\":\"1002016\",\"stopType\":\"stop\",\"url\":\"\/StopPoint\/930GBFR\",\"commonName\":\"Blackfriars (London), Blackfriars Pier\",\"placeType\":\"StopPoint\",\"additionalProperties\":[],\"lat\":51.51075514754,\"lon\":-0.10161762106000001},\"matchQuality\":967},{\"$type\":\"Tfl.Api.Presentation.Entities.JourneyPlanner.DisambiguationOption, Tfl.Api.Presentation.Entities\",\"parameterValue\":\"51.50454338633,-0.10452712313\",\"uri\":\"\/journey\/journeyresults\/victoria\/to\/51.50454338633,-0.10452712313?mode=bus&datetime=0000-11-22t11%3a15%3a00&journeypreference=leastinterchange&bikeproficiency=moderate&walkingspeed=average&datetimetype=departing\",\"place\":{\"$type\":\"Tfl.Api.Presentation.Entities.Place, Tfl.Api.Presentation.Entities\",\"url\":\"\/Place\/\",\"commonName\":\"Lambeth, Blackfriars Road\",\"placeType\":\"StopPoint\",\"additionalProperties\":[],\"lat\":51.50454338633,\"lon\":-0.10452712313000001},\"matchQuality\":967},{\"$type\":\"Tfl.Api.Presentation.Entities.JourneyPlanner.DisambiguationOption, Tfl.Api.Presentation.Entities\",\"parameterValue\":\"51.50848940382,-0.10442099668\",\"uri\":\"\/journey\/journeyresults\/victoria\/to\/51.50848940382,-0.10442099668?mode=bus&datetime=0000-11-22t11%3a15%3a00&journeypreference=leastinterchange&bikeproficiency=moderate&walkingspeed=average&datetimetype=departing\",\"place\":{\"$type\":\"Tfl.Api.Presentation.Entities.Place, Tfl.Api.Presentation.Entities\",\"url\":\"\/Place\/\",\"commonName\":\"City of London, Blackfriars Road\",\"placeType\":\"StopPoint\",\"additionalProperties\":[],\"lat\":51.50848940382,\"lon\":-0.10442099668},\"matchQuality\":967},{\"$type\":\"Tfl.Api.Presentation.Entities.JourneyPlanner.DisambiguationOption, Tfl.Api.Presentation.Entities\",\"parameterValue\":\"51.51252356034,-0.10364823752\",\"uri\":\"\/journey\/journeyresults\/victoria\/to\/51.51252356034,-0.10364823752?mode=bus&datetime=0000-11-22t11%3a15%3a00&journeypreference=leastinterchange&bikeproficiency=moderate&walkingspeed=average&datetimetype=departing\",\"place\":{\"$type\":\"Tfl.Api.Presentation.Entities.Place, Tfl.Api.Presentation.Entities\",\"url\":\"\/Place\/\",\"commonName\":\"City of London, Blackfriars Court\",\"placeType\":\"StopPoint\",\"additionalProperties\":[],\"lat\":51.51252356034,\"lon\":-0.10364823751999999},\"matchQuality\":964},{\"$type\":\"Tfl.Api.Presentation.Entities.JourneyPlanner.DisambiguationOption, Tfl.Api.Presentation.Entities\",\"parameterValue\":\"51.51028670877,-0.10434639425\",\"uri\":\"\/journey\/journeyresults\/victoria\/to\/51.51028670877,-0.10434639425?mode=bus&datetime=0000-11-22t11%3a15%3a00&journeypreference=leastinterchange&bikeproficiency=moderate&walkingspeed=average&datetimetype=departing\",\"place\":{\"$type\":\"Tfl.Api.Presentation.Entities.Place, Tfl.Api.Presentation.Entities\",\"url\":\"\/Place\/\",\"commonName\":\"City of London, Blackfriars Bridge\",\"placeType\":\"StopPoint\",\"additionalProperties\":[],\"lat\":51.510286708769996,\"lon\":-0.10434639425},\"matchQuality\":961},{\"$type\":\"Tfl.Api.Presentation.Entities.JourneyPlanner.DisambiguationOption, Tfl.Api.Presentation.Entities\",\"parameterValue\":\"1000023\",\"uri\":\"\/journey\/journeyresults\/victoria\/to\/1000023?mode=bus&datetime=0000-11-22t11%3a15%3a00&journeypreference=leastinterchange&bikeproficiency=moderate&walkingspeed=average&datetimetype=departing\",\"place\":{\"$type\":\"Tfl.Api.Presentation.Entities.StopPoint, Tfl.Api.Presentation.Entities\",\"naptanId\":\"HUBBFR\",\"modes\":[\"national-rail\",\"tube\",\"bus\"],\"icsCode\":\"1000023\",\"stopType\":\"stop\",\"url\":\"\/StopPoint\/HUBBFR\",\"commonName\":\"Blackfriars (London), Blackfriars Station\",\"placeType\":\"StopPoint\",\"additionalProperties\":[],\"lat\":51.511808036409995,\"lon\":-0.1033320721},\"matchQuality\":959},{\"$type\":\"Tfl.Api.Presentation.Entities.JourneyPlanner.DisambiguationOption, Tfl.Api.Presentation.Entities\",\"parameterValue\":\"51.51138161166,-0.10254273832\",\"uri\":\"\/journey\/journeyresults\/victoria\/to\/51.51138161166,-0.10254273832?mode=bus&datetime=0000-11-22t11%3a15%3a00&journeypreference=leastinterchange&bikeproficiency=moderate&walkingspeed=average&datetimetype=departing\",\"place\":{\"$type\":\"Tfl.Api.Presentation.Entities.Place, Tfl.Api.Presentation.Entities\",\"url\":\"\/Place\/\",\"commonName\":\"City of London, Blackfriars Passage\",\"placeType\":\"StopPoint\",\"additionalProperties\":[],\"lat\":51.511381611660006,\"lon\":-0.10254273832000001},\"matchQuality\":959},{\"$type\":\"Tfl.Api.Presentation.Entities.JourneyPlanner.DisambiguationOption, Tfl.Api.Presentation.Entities\",\"parameterValue\":\"51.51102048332,-0.10356654169\",\"uri\":\"\/journey\/journeyresults\/victoria\/to\/51.51102048332,-0.10356654169?mode=bus&datetime=0000-11-22t11%3a15%3a00&journeypreference=leastinterchange&bikeproficiency=moderate&walkingspeed=average&datetimetype=departing\",\"place\":{\"$type\":\"Tfl.Api.Presentation.Entities.Place, Tfl.Api.Presentation.Entities\",\"url\":\"\/Place\/\",\"commonName\":\"City of London, Blackfriars Underpass\",\"placeType\":\"StopPoint\",\"additionalProperties\":[],\"lat\":51.511020483319996,\"lon\":-0.10356654169},\"matchQuality\":954},{\"$type\":\"Tfl.Api.Presentation.Entities.JourneyPlanner.DisambiguationOption, Tfl.Api.Presentation.Entities\",\"parameterValue\":\"51.49923876947,-0.10458873361\",\"uri\":\"\/journey\/journeyresults\/victoria\/to\/51.49923876947,-0.10458873361?mode=bus&datetime=0000-11-22t11%3a15%3a00&journeypreference=leastinterchange&bikeproficiency=moderate&walkingspeed=average&datetimetype=departing\",\"place\":{\"$type\":\"Tfl.Api.Presentation.Entities.Place, Tfl.Api.Presentation.Entities\",\"url\":\"\/Place\/\",\"commonName\":\"Southwark, Blackfriars Circus, SE1\",\"placeType\":\"PointOfInterest\",\"additionalProperties\":[],\"lat\":51.49923876947,\"lon\":-0.10458873361},\"matchQuality\":949},{\"$type\":\"Tfl.Api.Presentation.Entities.JourneyPlanner.DisambiguationOption, Tfl.Api.Presentation.Entities\",\"parameterValue\":\"1020084\",\"uri\":\"\/journey\/journeyresults\/victoria\/to\/1020084?mode=bus&datetime=0000-11-22t11%3a15%3a00&journeypreference=leastinterchange&bikeproficiency=moderate&walkingspeed=average&datetimetype=departing\",\"place\":{\"$type\":\"Tfl.Api.Presentation.Entities.StopPoint, Tfl.Api.Presentation.Entities\",\"naptanId\":\"490G00020084\",\"modes\":[\"bus\"],\"icsCode\":\"1020084\",\"stopType\":\"stop\",\"url\":\"\/StopPoint\/490G00020084\",\"commonName\":\"Blackfriars (London), Blackfriars Station \/ North Entrance\",\"placeType\":\"StopPoint\",\"additionalProperties\":[],\"lat\":51.51149942369,\"lon\":-0.10426722946},\"matchQuality\":933},{\"$type\":\"Tfl.Api.Presentation.Entities.JourneyPlanner.DisambiguationOption, Tfl.Api.Presentation.Entities\",\"parameterValue\":\"1013934\",\"uri\":\"\/journey\/journeyresults\/victoria\/to\/1013934?mode=bus&datetime=0000-11-22t11%3a15%3a00&journeypreference=leastinterchange&bikeproficiency=moderate&walkingspeed=average&datetimetype=departing\",\"place\":{\"$type\":\"Tfl.Api.Presentation.Entities.StopPoint, Tfl.Api.Presentation.Entities\",\"naptanId\":\"HUBBFR\",\"modes\":[\"bus\"],\"icsCode\":\"1013934\",\"stopType\":\"stop\",\"url\":\"\/StopPoint\/HUBBFR\",\"commonName\":\"Southwark, Blackfriars Station \/ South Entrance\",\"placeType\":\"StopPoint\",\"additionalProperties\":[],\"lat\":51.508498855850007,\"lon\":-0.10444942557999999},\"matchQuality\":933}],\"matchStatus\":\"list\"},\"fromLocationDisambiguation\":{\"$type\":\"Tfl.Api.Presentation.Entities.JourneyPlanner.Disambiguation, Tfl.Api.Presentation.Entities\",\"disambiguationOptions\":[{\"$type\":\"Tfl.Api.Presentation.Entities.JourneyPlanner.DisambiguationOption, Tfl.Api.Presentation.Entities\",\"parameterValue\":\"1000248\",\"uri\":\"\/journey\/journeyresults\/1000248\/to\/blackfriars?mode=bus&datetime=0000-11-22t11%3a15%3a00&journeypreference=leastinterchange&bikeproficiency=moderate&walkingspeed=average&datetimetype=departing\",\"place\":{\"$type\":\"Tfl.Api.Presentation.Entities.StopPoint, Tfl.Api.Presentation.Entities\",\"naptanId\":\"HUBVIC\",\"modes\":[\"national-rail\",\"tube\",\"bus\",\"coach\"],\"icsCode\":\"1000248\",\"stopType\":\"stop\",\"url\":\"\/StopPoint\/HUBVIC\",\"commonName\":\"Victoria (London), London Victoria\",\"placeType\":\"StopPoint\",\"additionalProperties\":[],\"lat\":51.49582877945,\"lon\":-0.14382962047},\"matchQuality\":965},{\"$type\":\"Tfl.Api.Presentation.Entities.JourneyPlanner.DisambiguationOption, Tfl.Api.Presentation.Entities\",\"parameterValue\":\"1015226\",\"uri\":\"\/journey\/journeyresults\/1015226\/to\/blackfriars?mode=bus&datetime=0000-11-22t11%3a15%3a00&journeypreference=leastinterchange&bikeproficiency=moderate&walkingspeed=average&datetimetype=departing\",\"place\":{\"$type\":\"Tfl.Api.Presentation.Entities.StopPoint, Tfl.Api.Presentation.Entities\",\"naptanId\":\"490G00015226\",\"modes\":[\"bus\"],\"icsCode\":\"1015226\",\"stopType\":\"stop\",\"url\":\"\/StopPoint\/490G00015226\",\"commonName\":\"Charlton (London), Victoria Way\",\"placeType\":\"StopPoint\",\"additionalProperties\":[],\"lat\":51.483511718340004,\"lon\":0.02863353064},\"matchQuality\":965},{\"$type\":\"Tfl.Api.Presentation.Entities.JourneyPlanner.DisambiguationOption, Tfl.Api.Presentation.Entities\",\"parameterValue\":\"51.4835403956,0.02801547503\",\"uri\":\"\/journey\/journeyresults\/51.4835403956,0.02801547503\/to\/blackfriars?mode=bus&datetime=0000-11-22t11%3a15%3a00&journeypreference=leastinterchange&bikeproficiency=moderate&walkingspeed=average&datetimetype=departing\",\"place\":{\"$type\":\"Tfl.Api.Presentation.Entities.Place, Tfl.Api.Presentation.Entities\",\"url\":\"\/Place\/\",\"commonName\":\"Greenwich (London), Victoria Way\",\"placeType\":\"StopPoint\",\"additionalProperties\":[],\"lat\":51.483540395599995,\"lon\":0.02801547503},\"matchQuality\":965},{\"$type\":\"Tfl.Api.Presentation.Entities.JourneyPlanner.DisambiguationOption, Tfl.Api.Presentation.Entities\",\"parameterValue\":\"1006025\",\"uri\":\"\/journey\/journeyresults\/1006025\/to\/blackfriars?mode=bus&datetime=0000-11-22t11%3a15%3a00&journeypreference=leastinterchange&bikeproficiency=moderate&walkingspeed=average&datetimetype=departing\",\"place\":{\"$type\":\"Tfl.Api.Presentation.Entities.StopPoint, Tfl.Api.Presentation.Entities\",\"naptanId\":\"490G00006025\",\"modes\":[\"bus\"],\"icsCode\":\"1006025\",\"stopType\":\"stop\",\"url\":\"\/StopPoint\/490G00006025\",\"commonName\":\"Globe Town, Victoria Park\",\"placeType\":\"StopPoint\",\"additionalProperties\":[],\"lat\":51.53403743418,\"lon\":-0.04202252904},\"matchQuality\":962},{\"$type\":\"Tfl.Api.Presentation.Entities.JourneyPlanner.DisambiguationOption, Tfl.Api.Presentation.Entities\",\"parameterValue\":\"1014055\",\"uri\":\"\/journey\/journeyresults\/1014055\/to\/blackfriars?mode=bus&datetime=0000-11-22t11%3a15%3a00&journeypreference=leastinterchange&bikeproficiency=moderate&walkingspeed=average&datetimetype=departing\",\"place\":{\"$type\":\"Tfl.Api.Presentation.Entities.StopPoint, Tfl.Api.Presentation.Entities\",\"naptanId\":\"490G00014055\",\"modes\":[\"bus\"],\"icsCode\":\"1014055\",\"stopType\":\"stop\",\"url\":\"\/StopPoint\/490G00014055\",\"commonName\":\"Paddington (London), Victoria Gate\",\"placeType\":\"StopPoint\",\"additionalProperties\":[],\"lat\":51.512155886079995,\"lon\":-0.17109584003},\"matchQuality\":962},{\"$type\":\"Tfl.Api.Presentation.Entities.JourneyPlanner.DisambiguationOption, Tfl.Api.Presentation.Entities\",\"parameterValue\":\"51.57601697951,0.19033745058\",\"uri\":\"\/journey\/journeyresults\/51.57601697951,0.19033745058\/to\/blackfriars?mode=bus&datetime=0000-11-22t11%3a15%3a00&journeypreference=leastinterchange&bikeproficiency=moderate&walkingspeed=average&datetimetype=departing\",\"place\":{\"$type\":\"Tfl.Api.Presentation.Entities.Place, Tfl.Api.Presentation.Entities\",\"url\":\"\/Place\/\",\"commonName\":\"Havering-Atte-Bower, Victoria Road\",\"placeType\":\"StopPoint\",\"additionalProperties\":[],\"lat\":51.57601697951,\"lon\":0.19033745058},\"matchQuality\":962},{\"$type\":\"Tfl.Api.Presentation.Entities.JourneyPlanner.DisambiguationOption, Tfl.Api.Presentation.Entities\",\"parameterValue\":\"51.5911840386,0.03053976351\",\"uri\":\"\/journey\/journeyresults\/51.5911840386,0.03053976351\/to\/blackfriars?mode=bus&datetime=0000-11-22t11%3a15%3a00&journeypreference=leastinterchange&bikeproficiency=moderate&walkingspeed=average&datetimetype=departing\",\"place\":{\"$type\":\"Tfl.Api.Presentation.Entities.Place, Tfl.Api.Presentation.Entities\",\"url\":\"\/Place\/\",\"commonName\":\"Redbridge (London), Victoria Road\",\"placeType\":\"StopPoint\",\"additionalProperties\":[],\"lat\":51.5911840386,\"lon\":0.03053976351},\"matchQuality\":962},{\"$type\":\"Tfl.Api.Presentation.Entities.JourneyPlanner.DisambiguationOption, Tfl.Api.Presentation.Entities\",\"parameterValue\":\"51.51342109021,-0.06554835463\",\"uri\":\"\/journey\/journeyresults\/51.51342109021,-0.06554835463\/to\/blackfriars?mode=bus&datetime=0000-11-22t11%3a15%3a00&journeypreference=leastinterchange&bikeproficiency=moderate&walkingspeed=average&datetimetype=departing\",\"place\":{\"$type\":\"Tfl.Api.Presentation.Entities.Place, Tfl.Api.Presentation.Entities\",\"url\":\"\/Place\/\",\"commonName\":\"City of London, Victoria Yard\",\"placeType\":\"StopPoint\",\"additionalProperties\":[],\"lat\":51.513421090209995,\"lon\":-0.06554835463},\"matchQuality\":962},{\"$type\":\"Tfl.Api.Presentation.Entities.JourneyPlanner.DisambiguationOption, Tfl.Api.Presentation.Entities\",\"parameterValue\":\"51.65073071524,-0.16893511559\",\"uri\":\"\/journey\/journeyresults\/51.65073071524,-0.16893511559\/to\/blackfriars?mode=bus&datetime=0000-11-22t11%3a15%3a00&journeypreference=leastinterchange&bikeproficiency=moderate&walkingspeed=average&datetimetype=departing\",\"place\":{\"$type\":\"Tfl.Api.Presentation.Entities.Place, Tfl.Api.Presentation.Entities\",\"url\":\"\/Place\/\",\"commonName\":\"Enfield (London), Victoria Road\",\"placeType\":\"StopPoint\",\"additionalProperties\":[],\"lat\":51.65073071524,\"lon\":-0.16893511559},\"matchQuality\":962},{\"$type\":\"Tfl.Api.Presentation.Entities.JourneyPlanner.DisambiguationOption, Tfl.Api.Presentation.Entities\",\"parameterValue\":\"51.62242378295,-0.06581328312\",\"uri\":\"\/journey\/journeyresults\/51.62242378295,-0.06581328312\/to\/blackfriars?mode=bus&datetime=0000-11-22t11%3a15%3a00&journeypreference=leastinterchange&bikeproficiency=moderate&walkingspeed=average&datetimetype=departing\",\"place\":{\"$type\":\"Tfl.Api.Presentation.Entities.Place, Tfl.Api.Presentation.Entities\",\"url\":\"\/Place\/\",\"commonName\":\"Enfield (London), Victoria Road\",\"placeType\":\"StopPoint\",\"additionalProperties\":[],\"lat\":51.62242378295,\"lon\":-0.06581328312},\"matchQuality\":962},{\"$type\":\"Tfl.Api.Presentation.Entities.JourneyPlanner.DisambiguationOption, Tfl.Api.Presentation.Entities\",\"parameterValue\":\"51.57075630958,-0.11128373814\",\"uri\":\"\/journey\/journeyresults\/51.57075630958,-0.11128373814\/to\/blackfriars?mode=bus&datetime=0000-11-22t11%3a15%3a00&journeypreference=leastinterchange&bikeproficiency=moderate&walkingspeed=average&datetimetype=departing\",\"place\":{\"$type\":\"Tfl.Api.Presentation.Entities.Place, Tfl.Api.Presentation.Entities\",\"url\":\"\/Place\/\",\"commonName\":\"Hackney (London), Victoria Road\",\"placeType\":\"StopPoint\",\"additionalProperties\":[],\"lat\":51.57075630958,\"lon\":-0.11128373814},\"matchQuality\":962},{\"$type\":\"Tfl.Api.Presentation.Entities.JourneyPlanner.DisambiguationOption, Tfl.Api.Presentation.Entities\",\"parameterValue\":\"51.52261039192,-0.31556028287\",\"uri\":\"\/journey\/journeyresults\/51.52261039192,-0.31556028287\/to\/blackfriars?mode=bus&datetime=0000-11-22t11%3a15%3a00&journeypreference=leastinterchange&bikeproficiency=moderate&walkingspeed=average&datetimetype=departing\",\"place\":{\"$type\":\"Tfl.Api.Presentation.Entities.Place, Tfl.Api.Presentation.Entities\",\"url\":\"\/Place\/\",\"commonName\":\"Ealing, Victoria Road\",\"placeType\":\"StopPoint\",\"additionalProperties\":[],\"lat\":51.52261039192,\"lon\":-0.31556028287},\"matchQuality\":962},{\"$type\":\"Tfl.Api.Presentation.Entities.JourneyPlanner.DisambiguationOption, Tfl.Api.Presentation.Entities\",\"parameterValue\":\"51.50003751464,-0.3785754379\",\"uri\":\"\/journey\/journeyresults\/51.50003751464,-0.3785754379\/to\/blackfriars?mode=bus&datetime=0000-11-22t11%3a15%3a00&journeypreference=leastinterchange&bikeproficiency=moderate&walkingspeed=average&datetimetype=departing\",\"place\":{\"$type\":\"Tfl.Api.Presentation.Entities.Place, Tfl.Api.Presentation.Entities\",\"url\":\"\/Place\/\",\"commonName\":\"Ealing, Victoria Road\",\"placeType\":\"StopPoint\",\"additionalProperties\":[],\"lat\":51.500037514640006,\"lon\":-0.37857543790000003},\"matchQuality\":962},{\"$type\":\"Tfl.Api.Presentation.Entities.JourneyPlanner.DisambiguationOption, Tfl.Api.Presentation.Entities\",\"parameterValue\":\"51.49050611226,-0.4368913264\",\"uri\":\"\/journey\/journeyresults\/51.49050611226,-0.4368913264\/to\/blackfriars?mode=bus&datetime=0000-11-22t11%3a15%3a00&journeypreference=leastinterchange&bikeproficiency=moderate&walkingspeed=average&datetimetype=departing\",\"place\":{\"$type\":\"Tfl.Api.Presentation.Entities.Place, Tfl.Api.Presentation.Entities\",\"url\":\"\/Place\/\",\"commonName\":\"Hillingdon, Victoria Lane\",\"placeType\":\"StopPoint\",\"additionalProperties\":[],\"lat\":51.49050611226,\"lon\":-0.4368913264},\"matchQuality\":962},{\"$type\":\"Tfl.Api.Presentation.Entities.JourneyPlanner.DisambiguationOption, Tfl.Api.Presentation.Entities\",\"parameterValue\":\"51.56041728697,-0.39997303718\",\"uri\":\"\/journey\/journeyresults\/51.56041728697,-0.39997303718\/to\/blackfriars?mode=bus&datetime=0000-11-22t11%3a15%3a00&journeypreference=leastinterchange&bikeproficiency=moderate&walkingspeed=average&datetimetype=departing\",\"place\":{\"$type\":\"Tfl.Api.Presentation.Entities.Place, Tfl.Api.Presentation.Entities\",\"url\":\"\/Place\/\",\"commonName\":\"Hillingdon, Victoria Road\",\"placeType\":\"StopPoint\",\"additionalProperties\":[],\"lat\":51.560417286969994,\"lon\":-0.39997303718},\"matchQuality\":962},{\"$type\":\"Tfl.Api.Presentation.Entities.JourneyPlanner.DisambiguationOption, Tfl.Api.Presentation.Entities\",\"parameterValue\":\"51.5839744819,-0.06705681572\",\"uri\":\"\/journey\/journeyresults\/51.5839744819,-0.06705681572\/to\/blackfriars?mode=bus&datetime=0000-11-22t11%3a15%3a00&journeypreference=leastinterchange&bikeproficiency=moderate&walkingspeed=average&datetimetype=departing\",\"place\":{\"$type\":\"Tfl.Api.Presentation.Entities.Place, Tfl.Api.Presentation.Entities\",\"url\":\"\/Place\/\",\"commonName\":\"Harringay, Victoria Road\",\"placeType\":\"StopPoint\",\"additionalProperties\":[],\"lat\":51.5839744819,\"lon\":-0.06705681572},\"matchQuality\":962},{\"$type\":\"Tfl.Api.Presentation.Entities.JourneyPlanner.DisambiguationOption, Tfl.Api.Presentation.Entities\",\"parameterValue\":\"51.32113589778,-0.13692638972\",\"uri\":\"\/journey\/journeyresults\/51.32113589778,-0.13692638972\/to\/blackfriars?mode=bus&datetime=0000-11-22t11%3a15%3a00&journeypreference=leastinterchange&bikeproficiency=moderate&walkingspeed=average&datetimetype=departing\",\"place\":{\"$type\":\"Tfl.Api.Presentation.Entities.Place, Tfl.Api.Presentation.Entities\",\"url\":\"\/Place\/\",\"commonName\":\"Croydon (London), Victoria Road\",\"placeType\":\"StopPoint\",\"additionalProperties\":[],\"lat\":51.32113589778,\"lon\":-0.13692638972},\"matchQuality\":962},{\"$type\":\"Tfl.Api.Presentation.Entities.JourneyPlanner.DisambiguationOption, Tfl.Api.Presentation.Entities\",\"parameterValue\":\"51.59920331346,-0.12893252537\",\"uri\":\"\/journey\/journeyresults\/51.59920331346,-0.12893252537\/to\/blackfriars?mode=bus&datetime=0000-11-22t11%3a15%3a00&journeypreference=leastinterchange&bikeproficiency=moderate&walkingspeed=average&datetimetype=departing\",\"place\":{\"$type\":\"Tfl.Api.Presentation.Entities.Place, Tfl.Api.Presentation.Entities\",\"url\":\"\/Place\/\",\"commonName\":\"Harringay, Victoria Road\",\"placeType\":\"StopPoint\",\"additionalProperties\":[],\"lat\":51.59920331346,\"lon\":-0.12893252537},\"matchQuality\":962},{\"$type\":\"Tfl.Api.Presentation.Entities.JourneyPlanner.DisambiguationOption, Tfl.Api.Presentation.Entities\",\"parameterValue\":\"51.42166016522,0.06156450766\",\"uri\":\"\/journey\/journeyresults\/51.42166016522,0.06156450766\/to\/blackfriars?mode=bus&datetime=0000-11-22t11%3a15%3a00&journeypreference=leastinterchange&bikeproficiency=moderate&walkingspeed=average&datetimetype=departing\",\"place\":{\"$type\":\"Tfl.Api.Presentation.Entities.Place, Tfl.Api.Presentation.Entities\",\"url\":\"\/Place\/\",\"commonName\":\"Bromley (London), Victoria Road\",\"placeType\":\"StopPoint\",\"additionalProperties\":[],\"lat\":51.42166016522,\"lon\":0.061564507660000004},\"matchQuality\":962},{\"$type\":\"Tfl.Api.Presentation.Entities.JourneyPlanner.DisambiguationOption, Tfl.Api.Presentation.Entities\",\"parameterValue\":\"51.3898391397,0.03970894638\",\"uri\":\"\/journey\/journeyresults\/51.3898391397,0.03970894638\/to\/blackfriars?mode=bus&datetime=0000-11-22t11%3a15%3a00&journeypreference=leastinterchange&bikeproficiency=moderate&walkingspeed=average&datetimetype=departing\",\"place\":{\"$type\":\"Tfl.Api.Presentation.Entities.Place, Tfl.Api.Presentation.Entities\",\"url\":\"\/Place\/\",\"commonName\":\"Bromley (London), Victoria Road\",\"placeType\":\"StopPoint\",\"additionalProperties\":[],\"lat\":51.3898391397,\"lon\":0.03970894638},\"matchQuality\":962}],\"matchStatus\":\"list\"},\"viaLocationDisambiguation\":{\"$type\":\"Tfl.Api.Presentation.Entities.JourneyPlanner.Disambiguation, Tfl.Api.Presentation.Entities\",\"matchStatus\":\"empty\"},\"recommendedMaxAgeMinutes\":1440,\"searchCriteria\":{\"$type\":\"Tfl.Api.Presentation.Entities.JourneyPlanner.SearchCriteria, Tfl.Api.Presentation.Entities\",\"dateTime\":\"2022-09-25T01:48:00\",\"dateTimeType\":\"Departing\"},\"journeyVector\":{\"$type\":\"Tfl.Api.Presentation.Entities.JourneyPlanner.JourneyVector, Tfl.Api.Presentation.Entities\",\"from\":\"Victoria\",\"to\":\"Blackfriars\",\"via\":\"\",\"uri\":\"\/journey\/journeyresults\/victoria\/to\/blackfriars?mode=bus&datetime=0000-11-22t11%3a15%3a00&journeypreference=leastinterchange&bikeproficiency=moderate&walkingspeed=average&datetimetype=departing\"}}\n\n","line":67}},{"name":"status 300","result":{"duration":10187,"status":"passed"},"match":{"location":"karate","arguments":[]},"keyword":"Then","line":68}],"tags":[{"name":"@tfljourney","line":1}]}],"name":"KaluzaTests\/features\/tfl-plan-journey-with-disambiguation.feature","description":"TFL journey planner Request, with disambiguation requests","id":"tfl-journey-planner-request,-with-disambiguation-requests","keyword":"Feature","uri":"KaluzaTests\/features\/tfl-plan-journey-with-disambiguation.feature","tags":[{"name":"@tfljourney","line":1}]}]